RideController.java,edu.ucsb.cs156.gauchoride.controllers.RideController,org.pitest.mutationtest.engine.gregor.mutators.NegateConditionalsMutator,allRides,42,KILLED,edu.ucsb.cs156.gauchoride.controllers.RideControllerTests.[engine:junit-jupiter]/[class:edu.ucsb.cs156.gauchoride.controllers.RideControllerTests]/[method:logged_in_admin_can_get_all_rides()]
RideController.java,edu.ucsb.cs156.gauchoride.controllers.RideController,org.pitest.mutationtest.engine.gregor.mutators.NegateConditionalsMutator,allRides,43,KILLED,edu.ucsb.cs156.gauchoride.controllers.RideControllerTests.[engine:junit-jupiter]/[class:edu.ucsb.cs156.gauchoride.controllers.RideControllerTests]/[method:logged_in_driver_can_get_all_rides()]
RideController.java,edu.ucsb.cs156.gauchoride.controllers.RideController,org.pitest.mutationtest.engine.gregor.mutators.returns.NullReturnValsMutator,allRides,49,KILLED,edu.ucsb.cs156.gauchoride.controllers.RideControllerTests.[engine:junit-jupiter]/[class:edu.ucsb.cs156.gauchoride.controllers.RideControllerTests]/[method:logged_in_admin_can_get_all_rides()]
RideController.java,edu.ucsb.cs156.gauchoride.controllers.RideController,org.pitest.mutationtest.engine.gregor.mutators.NegateConditionalsMutator,deleteRide,137,KILLED,edu.ucsb.cs156.gauchoride.controllers.RideControllerTests.[engine:junit-jupiter]/[class:edu.ucsb.cs156.gauchoride.controllers.RideControllerTests]/[method:user_can_delete_their_own_ride()]
RideController.java,edu.ucsb.cs156.gauchoride.controllers.RideController,org.pitest.mutationtest.engine.gregor.mutators.NegateConditionalsMutator,deleteRide,138,KILLED,edu.ucsb.cs156.gauchoride.controllers.RideControllerTests.[engine:junit-jupiter]/[class:edu.ucsb.cs156.gauchoride.controllers.RideControllerTests]/[method:user_can_delete_their_own_ride()]
RideController.java,edu.ucsb.cs156.gauchoride.controllers.RideController,org.pitest.mutationtest.engine.gregor.mutators.VoidMethodCallMutator,deleteRide,146,KILLED,edu.ucsb.cs156.gauchoride.controllers.RideControllerTests.[engine:junit-jupiter]/[class:edu.ucsb.cs156.gauchoride.controllers.RideControllerTests]/[method:user_can_delete_their_own_ride()]
RideController.java,edu.ucsb.cs156.gauchoride.controllers.RideController,org.pitest.mutationtest.engine.gregor.mutators.returns.NullReturnValsMutator,deleteRide,147,KILLED,edu.ucsb.cs156.gauchoride.controllers.RideControllerTests.[engine:junit-jupiter]/[class:edu.ucsb.cs156.gauchoride.controllers.RideControllerTests]/[method:user_can_delete_their_own_ride()]
RideController.java,edu.ucsb.cs156.gauchoride.controllers.RideController,org.pitest.mutationtest.engine.gregor.mutators.NegateConditionalsMutator,getById,61,KILLED,edu.ucsb.cs156.gauchoride.controllers.RideControllerTests.[engine:junit-jupiter]/[class:edu.ucsb.cs156.gauchoride.controllers.RideControllerTests]/[method:test_that_logged_in_admin_can_get_by_id_when_the_id_does_not_exist()]
RideController.java,edu.ucsb.cs156.gauchoride.controllers.RideController,org.pitest.mutationtest.engine.gregor.mutators.NegateConditionalsMutator,getById,62,KILLED,edu.ucsb.cs156.gauchoride.controllers.RideControllerTests.[engine:junit-jupiter]/[class:edu.ucsb.cs156.gauchoride.controllers.RideControllerTests]/[method:test_that_logged_in_driver_can_get_by_id_when_the_id_does_not_exist()]
RideController.java,edu.ucsb.cs156.gauchoride.controllers.RideController,org.pitest.mutationtest.engine.gregor.mutators.returns.NullReturnValsMutator,getById,70,KILLED,edu.ucsb.cs156.gauchoride.controllers.RideControllerTests.[engine:junit-jupiter]/[class:edu.ucsb.cs156.gauchoride.controllers.RideControllerTests]/[method:test_that_logged_in_driver_can_get_by_id_when_the_id_exists()]
RideController.java,edu.ucsb.cs156.gauchoride.controllers.RideController,org.pitest.mutationtest.engine.gregor.mutators.returns.NullReturnValsMutator,lambda$deleteRide$2,140,KILLED,edu.ucsb.cs156.gauchoride.controllers.RideControllerTests.[engine:junit-jupiter]/[class:edu.ucsb.cs156.gauchoride.controllers.RideControllerTests]/[method:admin_tries_to_delete_non_existant_ride_and_gets_right_error_message()]
RideController.java,edu.ucsb.cs156.gauchoride.controllers.RideController,org.pitest.mutationtest.engine.gregor.mutators.returns.NullReturnValsMutator,lambda$deleteRide$3,143,KILLED,edu.ucsb.cs156.gauchoride.controllers.RideControllerTests.[engine:junit-jupiter]/[class:edu.ucsb.cs156.gauchoride.controllers.RideControllerTests]/[method:user_tries_to_delete_other_users_ride_and_fails()]
RideController.java,edu.ucsb.cs156.gauchoride.controllers.RideController,org.pitest.mutationtest.engine.gregor.mutators.returns.NullReturnValsMutator,lambda$getById$0,64,KILLED,edu.ucsb.cs156.gauchoride.controllers.RideControllerTests.[engine:junit-jupiter]/[class:edu.ucsb.cs156.gauchoride.controllers.RideControllerTests]/[method:test_that_logged_in_admin_can_get_by_id_when_the_id_does_not_exist()]
RideController.java,edu.ucsb.cs156.gauchoride.controllers.RideController,org.pitest.mutationtest.engine.gregor.mutators.returns.NullReturnValsMutator,lambda$getById$1,67,KILLED,edu.ucsb.cs156.gauchoride.controllers.RideControllerTests.[engine:junit-jupiter]/[class:edu.ucsb.cs156.gauchoride.controllers.RideControllerTests]/[method:logged_in_users_can_get_by_id_that_is_theirs()]
RideController.java,edu.ucsb.cs156.gauchoride.controllers.RideController,org.pitest.mutationtest.engine.gregor.mutators.returns.NullReturnValsMutator,lambda$updateRide$4,165,KILLED,edu.ucsb.cs156.gauchoride.controllers.RideControllerTests.[engine:junit-jupiter]/[class:edu.ucsb.cs156.gauchoride.controllers.RideControllerTests]/[method:admin_cannot_edit_ride_that_does_not_exist()]
RideController.java,edu.ucsb.cs156.gauchoride.controllers.RideController,org.pitest.mutationtest.engine.gregor.mutators.returns.NullReturnValsMutator,lambda$updateRide$5,168,KILLED,edu.ucsb.cs156.gauchoride.controllers.RideControllerTests.[engine:junit-jupiter]/[class:edu.ucsb.cs156.gauchoride.controllers.RideControllerTests]/[method:user_cannot_edit_ride_that_does_not_exist()]
RideController.java,edu.ucsb.cs156.gauchoride.controllers.RideController,org.pitest.mutationtest.engine.gregor.mutators.VoidMethodCallMutator,postRide,110,KILLED,edu.ucsb.cs156.gauchoride.controllers.RideControllerTests.[engine:junit-jupiter]/[class:edu.ucsb.cs156.gauchoride.controllers.RideControllerTests]/[method:a_user_can_post_a_new_ride()]
RideController.java,edu.ucsb.cs156.gauchoride.controllers.RideController,org.pitest.mutationtest.engine.gregor.mutators.VoidMethodCallMutator,postRide,111,KILLED,edu.ucsb.cs156.gauchoride.controllers.RideControllerTests.[engine:junit-jupiter]/[class:edu.ucsb.cs156.gauchoride.controllers.RideControllerTests]/[method:a_user_can_post_a_new_ride()]
RideController.java,edu.ucsb.cs156.gauchoride.controllers.RideController,org.pitest.mutationtest.engine.gregor.mutators.VoidMethodCallMutator,postRide,112,KILLED,edu.ucsb.cs156.gauchoride.controllers.RideControllerTests.[engine:junit-jupiter]/[class:edu.ucsb.cs156.gauchoride.controllers.RideControllerTests]/[method:a_user_can_post_a_new_ride()]
RideController.java,edu.ucsb.cs156.gauchoride.controllers.RideController,org.pitest.mutationtest.engine.gregor.mutators.VoidMethodCallMutator,postRide,113,KILLED,edu.ucsb.cs156.gauchoride.controllers.RideControllerTests.[engine:junit-jupiter]/[class:edu.ucsb.cs156.gauchoride.controllers.RideControllerTests]/[method:a_user_can_post_a_new_ride()]
RideController.java,edu.ucsb.cs156.gauchoride.controllers.RideController,org.pitest.mutationtest.engine.gregor.mutators.VoidMethodCallMutator,postRide,114,KILLED,edu.ucsb.cs156.gauchoride.controllers.RideControllerTests.[engine:junit-jupiter]/[class:edu.ucsb.cs156.gauchoride.controllers.RideControllerTests]/[method:a_user_can_post_a_new_ride()]
RideController.java,edu.ucsb.cs156.gauchoride.controllers.RideController,org.pitest.mutationtest.engine.gregor.mutators.VoidMethodCallMutator,postRide,115,KILLED,edu.ucsb.cs156.gauchoride.controllers.RideControllerTests.[engine:junit-jupiter]/[class:edu.ucsb.cs156.gauchoride.controllers.RideControllerTests]/[method:a_user_can_post_a_new_ride()]
RideController.java,edu.ucsb.cs156.gauchoride.controllers.RideController,org.pitest.mutationtest.engine.gregor.mutators.VoidMethodCallMutator,postRide,116,KILLED,edu.ucsb.cs156.gauchoride.controllers.RideControllerTests.[engine:junit-jupiter]/[class:edu.ucsb.cs156.gauchoride.controllers.RideControllerTests]/[method:a_user_can_post_a_new_ride()]
RideController.java,edu.ucsb.cs156.gauchoride.controllers.RideController,org.pitest.mutationtest.engine.gregor.mutators.VoidMethodCallMutator,postRide,117,KILLED,edu.ucsb.cs156.gauchoride.controllers.RideControllerTests.[engine:junit-jupiter]/[class:edu.ucsb.cs156.gauchoride.controllers.RideControllerTests]/[method:a_user_can_post_a_new_ride()]
RideController.java,edu.ucsb.cs156.gauchoride.controllers.RideController,org.pitest.mutationtest.engine.gregor.mutators.VoidMethodCallMutator,postRide,118,KILLED,edu.ucsb.cs156.gauchoride.controllers.RideControllerTests.[engine:junit-jupiter]/[class:edu.ucsb.cs156.gauchoride.controllers.RideControllerTests]/[method:a_user_can_post_a_new_ride()]
RideController.java,edu.ucsb.cs156.gauchoride.controllers.RideController,org.pitest.mutationtest.engine.gregor.mutators.VoidMethodCallMutator,postRide,119,KILLED,edu.ucsb.cs156.gauchoride.controllers.RideControllerTests.[engine:junit-jupiter]/[class:edu.ucsb.cs156.gauchoride.controllers.RideControllerTests]/[method:a_user_can_post_a_new_ride()]
RideController.java,edu.ucsb.cs156.gauchoride.controllers.RideController,org.pitest.mutationtest.engine.gregor.mutators.VoidMethodCallMutator,postRide,120,KILLED,edu.ucsb.cs156.gauchoride.controllers.RideControllerTests.[engine:junit-jupiter]/[class:edu.ucsb.cs156.gauchoride.controllers.RideControllerTests]/[method:a_user_can_post_a_new_ride()]
RideController.java,edu.ucsb.cs156.gauchoride.controllers.RideController,org.pitest.mutationtest.engine.gregor.mutators.returns.NullReturnValsMutator,postRide,124,KILLED,edu.ucsb.cs156.gauchoride.controllers.RideControllerTests.[engine:junit-jupiter]/[class:edu.ucsb.cs156.gauchoride.controllers.RideControllerTests]/[method:a_user_can_post_a_new_ride()]
RideController.java,edu.ucsb.cs156.gauchoride.controllers.RideController,org.pitest.mutationtest.engine.gregor.mutators.NegateConditionalsMutator,updateRide,162,KILLED,edu.ucsb.cs156.gauchoride.controllers.RideControllerTests.[engine:junit-jupiter]/[class:edu.ucsb.cs156.gauchoride.controllers.RideControllerTests]/[method:user_cannot_edit_ride_that_does_not_exist()]
RideController.java,edu.ucsb.cs156.gauchoride.controllers.RideController,org.pitest.mutationtest.engine.gregor.mutators.NegateConditionalsMutator,updateRide,163,KILLED,edu.ucsb.cs156.gauchoride.controllers.RideControllerTests.[engine:junit-jupiter]/[class:edu.ucsb.cs156.gauchoride.controllers.RideControllerTests]/[method:user_cannot_edit_ride_that_does_not_exist()]
RideController.java,edu.ucsb.cs156.gauchoride.controllers.RideController,org.pitest.mutationtest.engine.gregor.mutators.VoidMethodCallMutator,updateRide,171,KILLED,edu.ucsb.cs156.gauchoride.controllers.RideControllerTests.[engine:junit-jupiter]/[class:edu.ucsb.cs156.gauchoride.controllers.RideControllerTests]/[method:admin_can_edit_an_existing_ride()]
RideController.java,edu.ucsb.cs156.gauchoride.controllers.RideController,org.pitest.mutationtest.engine.gregor.mutators.VoidMethodCallMutator,updateRide,172,KILLED,edu.ucsb.cs156.gauchoride.controllers.RideControllerTests.[engine:junit-jupiter]/[class:edu.ucsb.cs156.gauchoride.controllers.RideControllerTests]/[method:admin_can_edit_an_existing_ride()]
RideController.java,edu.ucsb.cs156.gauchoride.controllers.RideController,org.pitest.mutationtest.engine.gregor.mutators.VoidMethodCallMutator,updateRide,173,KILLED,edu.ucsb.cs156.gauchoride.controllers.RideControllerTests.[engine:junit-jupiter]/[class:edu.ucsb.cs156.gauchoride.controllers.RideControllerTests]/[method:admin_can_edit_an_existing_ride()]
RideController.java,edu.ucsb.cs156.gauchoride.controllers.RideController,org.pitest.mutationtest.engine.gregor.mutators.VoidMethodCallMutator,updateRide,174,KILLED,edu.ucsb.cs156.gauchoride.controllers.RideControllerTests.[engine:junit-jupiter]/[class:edu.ucsb.cs156.gauchoride.controllers.RideControllerTests]/[method:admin_can_edit_an_existing_ride()]
RideController.java,edu.ucsb.cs156.gauchoride.controllers.RideController,org.pitest.mutationtest.engine.gregor.mutators.VoidMethodCallMutator,updateRide,175,KILLED,edu.ucsb.cs156.gauchoride.controllers.RideControllerTests.[engine:junit-jupiter]/[class:edu.ucsb.cs156.gauchoride.controllers.RideControllerTests]/[method:admin_can_edit_an_existing_ride()]
RideController.java,edu.ucsb.cs156.gauchoride.controllers.RideController,org.pitest.mutationtest.engine.gregor.mutators.VoidMethodCallMutator,updateRide,176,KILLED,edu.ucsb.cs156.gauchoride.controllers.RideControllerTests.[engine:junit-jupiter]/[class:edu.ucsb.cs156.gauchoride.controllers.RideControllerTests]/[method:admin_can_edit_an_existing_ride()]
RideController.java,edu.ucsb.cs156.gauchoride.controllers.RideController,org.pitest.mutationtest.engine.gregor.mutators.VoidMethodCallMutator,updateRide,177,KILLED,edu.ucsb.cs156.gauchoride.controllers.RideControllerTests.[engine:junit-jupiter]/[class:edu.ucsb.cs156.gauchoride.controllers.RideControllerTests]/[method:admin_can_edit_an_existing_ride()]
RideController.java,edu.ucsb.cs156.gauchoride.controllers.RideController,org.pitest.mutationtest.engine.gregor.mutators.VoidMethodCallMutator,updateRide,178,KILLED,edu.ucsb.cs156.gauchoride.controllers.RideControllerTests.[engine:junit-jupiter]/[class:edu.ucsb.cs156.gauchoride.controllers.RideControllerTests]/[method:admin_can_edit_an_existing_ride()]
RideController.java,edu.ucsb.cs156.gauchoride.controllers.RideController,org.pitest.mutationtest.engine.gregor.mutators.VoidMethodCallMutator,updateRide,179,KILLED,edu.ucsb.cs156.gauchoride.controllers.RideControllerTests.[engine:junit-jupiter]/[class:edu.ucsb.cs156.gauchoride.controllers.RideControllerTests]/[method:admin_can_edit_an_existing_ride()]
RideController.java,edu.ucsb.cs156.gauchoride.controllers.RideController,org.pitest.mutationtest.engine.gregor.mutators.returns.NullReturnValsMutator,updateRide,184,KILLED,edu.ucsb.cs156.gauchoride.controllers.RideControllerTests.[engine:junit-jupiter]/[class:edu.ucsb.cs156.gauchoride.controllers.RideControllerTests]/[method:admin_can_edit_an_existing_ride()]
RiderApplicationController.java,edu.ucsb.cs156.gauchoride.controllers.RiderApplicationController,org.pitest.mutationtest.engine.gregor.mutators.returns.NullReturnValsMutator,allPendingRequests,176,KILLED,edu.ucsb.cs156.gauchoride.controllers.RiderApplicationControllerTests.[engine:junit-jupiter]/[class:edu.ucsb.cs156.gauchoride.controllers.RiderApplicationControllerTests]/[method:admin_can_get_all_pending_member_applications()]
RiderApplicationController.java,edu.ucsb.cs156.gauchoride.controllers.RiderApplicationController,org.pitest.mutationtest.engine.gregor.mutators.returns.NullReturnValsMutator,allRequests,166,KILLED,edu.ucsb.cs156.gauchoride.controllers.RiderApplicationControllerTests.[engine:junit-jupiter]/[class:edu.ucsb.cs156.gauchoride.controllers.RiderApplicationControllerTests]/[method:admin_can_return_all_member_applications()]
RiderApplicationController.java,edu.ucsb.cs156.gauchoride.controllers.RiderApplicationController,org.pitest.mutationtest.engine.gregor.mutators.MathMutator,cancelRiderApplication,141,KILLED,edu.ucsb.cs156.gauchoride.controllers.RiderApplicationControllerTests.[engine:junit-jupiter]/[class:edu.ucsb.cs156.gauchoride.controllers.RiderApplicationControllerTests]/[method:members_can_cancel_their_application()]
RiderApplicationController.java,edu.ucsb.cs156.gauchoride.controllers.RiderApplicationController,org.pitest.mutationtest.engine.gregor.mutators.MathMutator,cancelRiderApplication,141,KILLED,edu.ucsb.cs156.gauchoride.controllers.RiderApplicationControllerTests.[engine:junit-jupiter]/[class:edu.ucsb.cs156.gauchoride.controllers.RiderApplicationControllerTests]/[method:members_can_cancel_their_application()]
RiderApplicationController.java,edu.ucsb.cs156.gauchoride.controllers.RiderApplicationController,org.pitest.mutationtest.engine.gregor.mutators.NegateConditionalsMutator,cancelRiderApplication,138,KILLED,edu.ucsb.cs156.gauchoride.controllers.RiderApplicationControllerTests.[engine:junit-jupiter]/[class:edu.ucsb.cs156.gauchoride.controllers.RiderApplicationControllerTests]/[method:members_can_cancel_their_application()]
RiderApplicationController.java,edu.ucsb.cs156.gauchoride.controllers.RiderApplicationController,org.pitest.mutationtest.engine.gregor.mutators.VoidMethodCallMutator,cancelRiderApplication,144,KILLED,edu.ucsb.cs156.gauchoride.controllers.RiderApplicationControllerTests.[engine:junit-jupiter]/[class:edu.ucsb.cs156.gauchoride.controllers.RiderApplicationControllerTests]/[method:members_can_cancel_their_application()]
RiderApplicationController.java,edu.ucsb.cs156.gauchoride.controllers.RiderApplicationController,org.pitest.mutationtest.engine.gregor.mutators.VoidMethodCallMutator,cancelRiderApplication,145,KILLED,edu.ucsb.cs156.gauchoride.controllers.RiderApplicationControllerTests.[engine:junit-jupiter]/[class:edu.ucsb.cs156.gauchoride.controllers.RiderApplicationControllerTests]/[method:members_can_cancel_their_application()]
RiderApplicationController.java,edu.ucsb.cs156.gauchoride.controllers.RiderApplicationController,org.pitest.mutationtest.engine.gregor.mutators.VoidMethodCallMutator,cancelRiderApplication,146,KILLED,edu.ucsb.cs156.gauchoride.controllers.RiderApplicationControllerTests.[engine:junit-jupiter]/[class:edu.ucsb.cs156.gauchoride.controllers.RiderApplicationControllerTests]/[method:members_can_cancel_their_application()]
RiderApplicationController.java,edu.ucsb.cs156.gauchoride.controllers.RiderApplicationController,org.pitest.mutationtest.engine.gregor.mutators.returns.NullReturnValsMutator,cancelRiderApplication,148,KILLED,edu.ucsb.cs156.gauchoride.controllers.RiderApplicationControllerTests.[engine:junit-jupiter]/[class:edu.ucsb.cs156.gauchoride.controllers.RiderApplicationControllerTests]/[method:members_can_cancel_their_application()]
RiderApplicationController.java,edu.ucsb.cs156.gauchoride.controllers.RiderApplicationController,org.pitest.mutationtest.engine.gregor.mutators.MathMutator,editRiderApplication,201,KILLED,edu.ucsb.cs156.gauchoride.controllers.RiderApplicationControllerTests.[engine:junit-jupiter]/[class:edu.ucsb.cs156.gauchoride.controllers.RiderApplicationControllerTests]/[method:admin_can_edit_application()]
RiderApplicationController.java,edu.ucsb.cs156.gauchoride.controllers.RiderApplicationController,org.pitest.mutationtest.engine.gregor.mutators.MathMutator,editRiderApplication,201,KILLED,edu.ucsb.cs156.gauchoride.controllers.RiderApplicationControllerTests.[engine:junit-jupiter]/[class:edu.ucsb.cs156.gauchoride.controllers.RiderApplicationControllerTests]/[method:admin_can_edit_application()]
RiderApplicationController.java,edu.ucsb.cs156.gauchoride.controllers.RiderApplicationController,org.pitest.mutationtest.engine.gregor.mutators.VoidMethodCallMutator,editRiderApplication,204,KILLED,edu.ucsb.cs156.gauchoride.controllers.RiderApplicationControllerTests.[engine:junit-jupiter]/[class:edu.ucsb.cs156.gauchoride.controllers.RiderApplicationControllerTests]/[method:admin_can_edit_application()]
RiderApplicationController.java,edu.ucsb.cs156.gauchoride.controllers.RiderApplicationController,org.pitest.mutationtest.engine.gregor.mutators.VoidMethodCallMutator,editRiderApplication,205,KILLED,edu.ucsb.cs156.gauchoride.controllers.RiderApplicationControllerTests.[engine:junit-jupiter]/[class:edu.ucsb.cs156.gauchoride.controllers.RiderApplicationControllerTests]/[method:admin_can_edit_application()]
RiderApplicationController.java,edu.ucsb.cs156.gauchoride.controllers.RiderApplicationController,org.pitest.mutationtest.engine.gregor.mutators.VoidMethodCallMutator,editRiderApplication,206,KILLED,edu.ucsb.cs156.gauchoride.controllers.RiderApplicationControllerTests.[engine:junit-jupiter]/[class:edu.ucsb.cs156.gauchoride.controllers.RiderApplicationControllerTests]/[method:admin_can_edit_application()]
RiderApplicationController.java,edu.ucsb.cs156.gauchoride.controllers.RiderApplicationController,org.pitest.mutationtest.engine.gregor.mutators.returns.NullReturnValsMutator,editRiderApplication,208,KILLED,edu.ucsb.cs156.gauchoride.controllers.RiderApplicationControllerTests.[engine:junit-jupiter]/[class:edu.ucsb.cs156.gauchoride.controllers.RiderApplicationControllerTests]/[method:admin_can_edit_application()]
RiderApplicationController.java,edu.ucsb.cs156.gauchoride.controllers.RiderApplicationController,org.pitest.mutationtest.engine.gregor.mutators.returns.NullReturnValsMutator,lambda$cancelRiderApplication$2,136,KILLED,edu.ucsb.cs156.gauchoride.controllers.RiderApplicationControllerTests.[engine:junit-jupiter]/[class:edu.ucsb.cs156.gauchoride.controllers.RiderApplicationControllerTests]/[method:member_tries_to_cancel_nonexistant_ride_and_gets_right_error_message()]
RiderApplicationController.java,edu.ucsb.cs156.gauchoride.controllers.RiderApplicationController,org.pitest.mutationtest.engine.gregor.mutators.returns.NullReturnValsMutator,lambda$editRiderApplication$4,198,KILLED,edu.ucsb.cs156.gauchoride.controllers.RiderApplicationControllerTests.[engine:junit-jupiter]/[class:edu.ucsb.cs156.gauchoride.controllers.RiderApplicationControllerTests]/[method:admin_cant_edit_a_nonexistant_application()]
RiderApplicationController.java,edu.ucsb.cs156.gauchoride.controllers.RiderApplicationController,org.pitest.mutationtest.engine.gregor.mutators.returns.NullReturnValsMutator,lambda$riderApplicationID$0,99,KILLED,edu.ucsb.cs156.gauchoride.controllers.RiderApplicationControllerTests.[engine:junit-jupiter]/[class:edu.ucsb.cs156.gauchoride.controllers.RiderApplicationControllerTests]/[method:test_that_logged_in_members_cant_get_by_id_when_the_id_does_not_exist()]
RiderApplicationController.java,edu.ucsb.cs156.gauchoride.controllers.RiderApplicationController,org.pitest.mutationtest.engine.gregor.mutators.returns.NullReturnValsMutator,lambda$riderApplicationId$3,186,KILLED,edu.ucsb.cs156.gauchoride.controllers.RiderApplicationControllerTests.[engine:junit-jupiter]/[class:edu.ucsb.cs156.gauchoride.controllers.RiderApplicationControllerTests]/[method:admin_cant_get_nonexistant_application()]
RiderApplicationController.java,edu.ucsb.cs156.gauchoride.controllers.RiderApplicationController,org.pitest.mutationtest.engine.gregor.mutators.returns.NullReturnValsMutator,lambda$updatePersonalApplication$1,110,KILLED,edu.ucsb.cs156.gauchoride.controllers.RiderApplicationControllerTests.[engine:junit-jupiter]/[class:edu.ucsb.cs156.gauchoride.controllers.RiderApplicationControllerTests]/[method:test_that_all_members_cant_update_a_nonexistant_application()]
RiderApplicationController.java,edu.ucsb.cs156.gauchoride.controllers.RiderApplicationController,org.pitest.mutationtest.engine.gregor.mutators.MathMutator,newRiderApplication,62,KILLED,edu.ucsb.cs156.gauchoride.controllers.RiderApplicationControllerTests.[engine:junit-jupiter]/[class:edu.ucsb.cs156.gauchoride.controllers.RiderApplicationControllerTests]/[method:test_that_only_members_can_create_a_new_application()]
RiderApplicationController.java,edu.ucsb.cs156.gauchoride.controllers.RiderApplicationController,org.pitest.mutationtest.engine.gregor.mutators.MathMutator,newRiderApplication,62,KILLED,edu.ucsb.cs156.gauchoride.controllers.RiderApplicationControllerTests.[engine:junit-jupiter]/[class:edu.ucsb.cs156.gauchoride.controllers.RiderApplicationControllerTests]/[method:test_that_only_members_can_create_a_new_application()]
RiderApplicationController.java,edu.ucsb.cs156.gauchoride.controllers.RiderApplicationController,org.pitest.mutationtest.engine.gregor.mutators.VoidMethodCallMutator,newRiderApplication,68,KILLED,edu.ucsb.cs156.gauchoride.controllers.RiderApplicationControllerTests.[engine:junit-jupiter]/[class:edu.ucsb.cs156.gauchoride.controllers.RiderApplicationControllerTests]/[method:test_that_only_members_can_create_a_new_application()]
RiderApplicationController.java,edu.ucsb.cs156.gauchoride.controllers.RiderApplicationController,org.pitest.mutationtest.engine.gregor.mutators.VoidMethodCallMutator,newRiderApplication,70,KILLED,edu.ucsb.cs156.gauchoride.controllers.RiderApplicationControllerTests.[engine:junit-jupiter]/[class:edu.ucsb.cs156.gauchoride.controllers.RiderApplicationControllerTests]/[method:test_that_only_members_can_create_a_new_application()]
RiderApplicationController.java,edu.ucsb.cs156.gauchoride.controllers.RiderApplicationController,org.pitest.mutationtest.engine.gregor.mutators.VoidMethodCallMutator,newRiderApplication,71,KILLED,edu.ucsb.cs156.gauchoride.controllers.RiderApplicationControllerTests.[engine:junit-jupiter]/[class:edu.ucsb.cs156.gauchoride.controllers.RiderApplicationControllerTests]/[method:test_that_only_members_can_create_a_new_application()]
RiderApplicationController.java,edu.ucsb.cs156.gauchoride.controllers.RiderApplicationController,org.pitest.mutationtest.engine.gregor.mutators.VoidMethodCallMutator,newRiderApplication,72,KILLED,edu.ucsb.cs156.gauchoride.controllers.RiderApplicationControllerTests.[engine:junit-jupiter]/[class:edu.ucsb.cs156.gauchoride.controllers.RiderApplicationControllerTests]/[method:test_that_only_members_can_create_a_new_application()]
RiderApplicationController.java,edu.ucsb.cs156.gauchoride.controllers.RiderApplicationController,org.pitest.mutationtest.engine.gregor.mutators.returns.NullReturnValsMutator,newRiderApplication,76,KILLED,edu.ucsb.cs156.gauchoride.controllers.RiderApplicationControllerTests.[engine:junit-jupiter]/[class:edu.ucsb.cs156.gauchoride.controllers.RiderApplicationControllerTests]/[method:test_that_only_members_can_create_a_new_application()]
RiderApplicationController.java,edu.ucsb.cs156.gauchoride.controllers.RiderApplicationController,org.pitest.mutationtest.engine.gregor.mutators.returns.NullReturnValsMutator,riderApplicationID,100,KILLED,edu.ucsb.cs156.gauchoride.controllers.RiderApplicationControllerTests.[engine:junit-jupiter]/[class:edu.ucsb.cs156.gauchoride.controllers.RiderApplicationControllerTests]/[method:test_that_logged_in_member_can_get_by_id_when_the_id_exists_and_user_id_matches()]
RiderApplicationController.java,edu.ucsb.cs156.gauchoride.controllers.RiderApplicationController,org.pitest.mutationtest.engine.gregor.mutators.returns.NullReturnValsMutator,riderApplicationId,187,KILLED,edu.ucsb.cs156.gauchoride.controllers.RiderApplicationControllerTests.[engine:junit-jupiter]/[class:edu.ucsb.cs156.gauchoride.controllers.RiderApplicationControllerTests]/[method:logged_in_admins_can_get_any_by_ids()]
RiderApplicationController.java,edu.ucsb.cs156.gauchoride.controllers.RiderApplicationController,org.pitest.mutationtest.engine.gregor.mutators.returns.NullReturnValsMutator,riderRequests,88,KILLED,edu.ucsb.cs156.gauchoride.controllers.RiderApplicationControllerTests.[engine:junit-jupiter]/[class:edu.ucsb.cs156.gauchoride.controllers.RiderApplicationControllerTests]/[method:members_can_get_all_theirs()]
RiderApplicationController.java,edu.ucsb.cs156.gauchoride.controllers.RiderApplicationController,org.pitest.mutationtest.engine.gregor.mutators.MathMutator,updatePersonalApplication,114,KILLED,edu.ucsb.cs156.gauchoride.controllers.RiderApplicationControllerTests.[engine:junit-jupiter]/[class:edu.ucsb.cs156.gauchoride.controllers.RiderApplicationControllerTests]/[method:test_that_all_members_can_update_their_application()]
RiderApplicationController.java,edu.ucsb.cs156.gauchoride.controllers.RiderApplicationController,org.pitest.mutationtest.engine.gregor.mutators.MathMutator,updatePersonalApplication,114,KILLED,edu.ucsb.cs156.gauchoride.controllers.RiderApplicationControllerTests.[engine:junit-jupiter]/[class:edu.ucsb.cs156.gauchoride.controllers.RiderApplicationControllerTests]/[method:test_that_all_members_can_update_their_application()]
RiderApplicationController.java,edu.ucsb.cs156.gauchoride.controllers.RiderApplicationController,org.pitest.mutationtest.engine.gregor.mutators.VoidMethodCallMutator,updatePersonalApplication,118,KILLED,edu.ucsb.cs156.gauchoride.controllers.RiderApplicationControllerTests.[engine:junit-jupiter]/[class:edu.ucsb.cs156.gauchoride.controllers.RiderApplicationControllerTests]/[method:test_that_all_members_can_update_their_application()]
RiderApplicationController.java,edu.ucsb.cs156.gauchoride.controllers.RiderApplicationController,org.pitest.mutationtest.engine.gregor.mutators.VoidMethodCallMutator,updatePersonalApplication,119,KILLED,edu.ucsb.cs156.gauchoride.controllers.RiderApplicationControllerTests.[engine:junit-jupiter]/[class:edu.ucsb.cs156.gauchoride.controllers.RiderApplicationControllerTests]/[method:test_that_all_members_can_update_their_application()]
RiderApplicationController.java,edu.ucsb.cs156.gauchoride.controllers.RiderApplicationController,org.pitest.mutationtest.engine.gregor.mutators.VoidMethodCallMutator,updatePersonalApplication,120,KILLED,edu.ucsb.cs156.gauchoride.controllers.RiderApplicationControllerTests.[engine:junit-jupiter]/[class:edu.ucsb.cs156.gauchoride.controllers.RiderApplicationControllerTests]/[method:test_that_all_members_can_update_their_application()]
RiderApplicationController.java,edu.ucsb.cs156.gauchoride.controllers.RiderApplicationController,org.pitest.mutationtest.engine.gregor.mutators.returns.NullReturnValsMutator,updatePersonalApplication,124,KILLED,edu.ucsb.cs156.gauchoride.controllers.RiderApplicationControllerTests.[engine:junit-jupiter]/[class:edu.ucsb.cs156.gauchoride.controllers.RiderApplicationControllerTests]/[method:test_that_all_members_can_update_their_application()]
ShiftController.java,edu.ucsb.cs156.gauchoride.controllers.ShiftController,org.pitest.mutationtest.engine.gregor.mutators.returns.NullReturnValsMutator,allShifts,54,KILLED,edu.ucsb.cs156.gauchoride.controllers.ShiftControllerTests.[engine:junit-jupiter]/[class:edu.ucsb.cs156.gauchoride.controllers.ShiftControllerTests]/[method:logged_in_rider_can_get_all_shifts()]
ShiftController.java,edu.ucsb.cs156.gauchoride.controllers.ShiftController,org.pitest.mutationtest.engine.gregor.mutators.VoidMethodCallMutator,deleteShift,116,KILLED,edu.ucsb.cs156.gauchoride.controllers.ShiftControllerTests.[engine:junit-jupiter]/[class:edu.ucsb.cs156.gauchoride.controllers.ShiftControllerTests]/[method:admin_can_delete_any_shift()]
ShiftController.java,edu.ucsb.cs156.gauchoride.controllers.ShiftController,org.pitest.mutationtest.engine.gregor.mutators.returns.NullReturnValsMutator,deleteShift,117,KILLED,edu.ucsb.cs156.gauchoride.controllers.ShiftControllerTests.[engine:junit-jupiter]/[class:edu.ucsb.cs156.gauchoride.controllers.ShiftControllerTests]/[method:admin_can_delete_any_shift()]
ShiftController.java,edu.ucsb.cs156.gauchoride.controllers.ShiftController,org.pitest.mutationtest.engine.gregor.mutators.returns.NullReturnValsMutator,driverShifts,76,KILLED,edu.ucsb.cs156.gauchoride.controllers.ShiftControllerTests.[engine:junit-jupiter]/[class:edu.ucsb.cs156.gauchoride.controllers.ShiftControllerTests]/[method:logged_in_driver_can_get_all_their_shifts()]
ShiftController.java,edu.ucsb.cs156.gauchoride.controllers.ShiftController,org.pitest.mutationtest.engine.gregor.mutators.returns.NullReturnValsMutator,lambda$deleteShift$1,114,KILLED,edu.ucsb.cs156.gauchoride.controllers.ShiftControllerTests.[engine:junit-jupiter]/[class:edu.ucsb.cs156.gauchoride.controllers.ShiftControllerTests]/[method:admin_tries_to_delete_non_existant_shift_and_gets_right_error_message()]
ShiftController.java,edu.ucsb.cs156.gauchoride.controllers.ShiftController,org.pitest.mutationtest.engine.gregor.mutators.returns.NullReturnValsMutator,lambda$shiftByID$0,64,KILLED,edu.ucsb.cs156.gauchoride.controllers.ShiftControllerTests.[engine:junit-jupiter]/[class:edu.ucsb.cs156.gauchoride.controllers.ShiftControllerTests]/[method:test_that_logged_in_rider_can_get_by_id_when_the_id_does_not_exist()]
ShiftController.java,edu.ucsb.cs156.gauchoride.controllers.ShiftController,org.pitest.mutationtest.engine.gregor.mutators.returns.NullReturnValsMutator,lambda$updateShift$2,131,KILLED,edu.ucsb.cs156.gauchoride.controllers.ShiftControllerTests.[engine:junit-jupiter]/[class:edu.ucsb.cs156.gauchoride.controllers.ShiftControllerTests]/[method:admin_cannot_edit_shift_that_does_not_exist()]
ShiftController.java,edu.ucsb.cs156.gauchoride.controllers.ShiftController,org.pitest.mutationtest.engine.gregor.mutators.VoidMethodCallMutator,postShift,94,KILLED,edu.ucsb.cs156.gauchoride.controllers.ShiftControllerTests.[engine:junit-jupiter]/[class:edu.ucsb.cs156.gauchoride.controllers.ShiftControllerTests]/[method:an_admin_can_post_a_new_shift()]
ShiftController.java,edu.ucsb.cs156.gauchoride.controllers.ShiftController,org.pitest.mutationtest.engine.gregor.mutators.VoidMethodCallMutator,postShift,95,KILLED,edu.ucsb.cs156.gauchoride.controllers.ShiftControllerTests.[engine:junit-jupiter]/[class:edu.ucsb.cs156.gauchoride.controllers.ShiftControllerTests]/[method:an_admin_can_post_a_new_shift()]
ShiftController.java,edu.ucsb.cs156.gauchoride.controllers.ShiftController,org.pitest.mutationtest.engine.gregor.mutators.VoidMethodCallMutator,postShift,96,KILLED,edu.ucsb.cs156.gauchoride.controllers.ShiftControllerTests.[engine:junit-jupiter]/[class:edu.ucsb.cs156.gauchoride.controllers.ShiftControllerTests]/[method:an_admin_can_post_a_new_shift()]
ShiftController.java,edu.ucsb.cs156.gauchoride.controllers.ShiftController,org.pitest.mutationtest.engine.gregor.mutators.VoidMethodCallMutator,postShift,97,KILLED,edu.ucsb.cs156.gauchoride.controllers.ShiftControllerTests.[engine:junit-jupiter]/[class:edu.ucsb.cs156.gauchoride.controllers.ShiftControllerTests]/[method:an_admin_can_post_a_new_shift()]
ShiftController.java,edu.ucsb.cs156.gauchoride.controllers.ShiftController,org.pitest.mutationtest.engine.gregor.mutators.VoidMethodCallMutator,postShift,98,KILLED,edu.ucsb.cs156.gauchoride.controllers.ShiftControllerTests.[engine:junit-jupiter]/[class:edu.ucsb.cs156.gauchoride.controllers.ShiftControllerTests]/[method:an_admin_can_post_a_new_shift()]
ShiftController.java,edu.ucsb.cs156.gauchoride.controllers.ShiftController,org.pitest.mutationtest.engine.gregor.mutators.returns.NullReturnValsMutator,postShift,102,KILLED,edu.ucsb.cs156.gauchoride.controllers.ShiftControllerTests.[engine:junit-jupiter]/[class:edu.ucsb.cs156.gauchoride.controllers.ShiftControllerTests]/[method:an_admin_can_post_a_new_shift()]
ShiftController.java,edu.ucsb.cs156.gauchoride.controllers.ShiftController,org.pitest.mutationtest.engine.gregor.mutators.returns.NullReturnValsMutator,shiftByID,65,KILLED,edu.ucsb.cs156.gauchoride.controllers.ShiftControllerTests.[engine:junit-jupiter]/[class:edu.ucsb.cs156.gauchoride.controllers.ShiftControllerTests]/[method:test_that_logged_in_rider_can_get_by_id_when_the_id_exists_and_user_id_matches()]
ShiftController.java,edu.ucsb.cs156.gauchoride.controllers.ShiftController,org.pitest.mutationtest.engine.gregor.mutators.VoidMethodCallMutator,updateShift,134,KILLED,edu.ucsb.cs156.gauchoride.controllers.ShiftControllerTests.[engine:junit-jupiter]/[class:edu.ucsb.cs156.gauchoride.controllers.ShiftControllerTests]/[method:admin_can_edit_an_existing_shift()]
ShiftController.java,edu.ucsb.cs156.gauchoride.controllers.ShiftController,org.pitest.mutationtest.engine.gregor.mutators.VoidMethodCallMutator,updateShift,135,KILLED,edu.ucsb.cs156.gauchoride.controllers.ShiftControllerTests.[engine:junit-jupiter]/[class:edu.ucsb.cs156.gauchoride.controllers.ShiftControllerTests]/[method:admin_can_edit_an_existing_shift()]
ShiftController.java,edu.ucsb.cs156.gauchoride.controllers.ShiftController,org.pitest.mutationtest.engine.gregor.mutators.VoidMethodCallMutator,updateShift,136,KILLED,edu.ucsb.cs156.gauchoride.controllers.ShiftControllerTests.[engine:junit-jupiter]/[class:edu.ucsb.cs156.gauchoride.controllers.ShiftControllerTests]/[method:admin_can_edit_an_existing_shift()]
ShiftController.java,edu.ucsb.cs156.gauchoride.controllers.ShiftController,org.pitest.mutationtest.engine.gregor.mutators.VoidMethodCallMutator,updateShift,137,KILLED,edu.ucsb.cs156.gauchoride.controllers.ShiftControllerTests.[engine:junit-jupiter]/[class:edu.ucsb.cs156.gauchoride.controllers.ShiftControllerTests]/[method:admin_can_edit_an_existing_shift()]
ShiftController.java,edu.ucsb.cs156.gauchoride.controllers.ShiftController,org.pitest.mutationtest.engine.gregor.mutators.VoidMethodCallMutator,updateShift,138,KILLED,edu.ucsb.cs156.gauchoride.controllers.ShiftControllerTests.[engine:junit-jupiter]/[class:edu.ucsb.cs156.gauchoride.controllers.ShiftControllerTests]/[method:admin_can_edit_an_existing_shift()]
ShiftController.java,edu.ucsb.cs156.gauchoride.controllers.ShiftController,org.pitest.mutationtest.engine.gregor.mutators.returns.NullReturnValsMutator,updateShift,142,KILLED,edu.ucsb.cs156.gauchoride.controllers.ShiftControllerTests.[engine:junit-jupiter]/[class:edu.ucsb.cs156.gauchoride.controllers.ShiftControllerTests]/[method:admin_can_edit_an_existing_shift()]
UsersController.java,edu.ucsb.cs156.gauchoride.controllers.UsersController,org.pitest.mutationtest.engine.gregor.mutators.VoidMethodCallMutator,deleteUser_Admin,66,KILLED,edu.ucsb.cs156.gauchoride.controllers.UsersControllerTests.[engine:junit-jupiter]/[class:edu.ucsb.cs156.gauchoride.controllers.UsersControllerTests]/[method:admin_can_delete_a_user()]
UsersController.java,edu.ucsb.cs156.gauchoride.controllers.UsersController,org.pitest.mutationtest.engine.gregor.mutators.returns.NullReturnValsMutator,deleteUser_Admin,68,KILLED,edu.ucsb.cs156.gauchoride.controllers.UsersControllerTests.[engine:junit-jupiter]/[class:edu.ucsb.cs156.gauchoride.controllers.UsersControllerTests]/[method:admin_can_delete_a_user()]
UsersController.java,edu.ucsb.cs156.gauchoride.controllers.UsersController,org.pitest.mutationtest.engine.gregor.mutators.returns.NullReturnValsMutator,lambda$deleteUser_Admin$1,64,KILLED,edu.ucsb.cs156.gauchoride.controllers.UsersControllerTests.[engine:junit-jupiter]/[class:edu.ucsb.cs156.gauchoride.controllers.UsersControllerTests]/[method:admin_tries_to_delete_non_existant_user_and_gets_right_error_message()]
UsersController.java,edu.ucsb.cs156.gauchoride.controllers.UsersController,org.pitest.mutationtest.engine.gregor.mutators.returns.NullReturnValsMutator,lambda$toggleAdmin$2,77,KILLED,edu.ucsb.cs156.gauchoride.controllers.UsersControllerTests.[engine:junit-jupiter]/[class:edu.ucsb.cs156.gauchoride.controllers.UsersControllerTests]/[method:admin_tries_to_toggleAdmin_non_existant_user_and_gets_right_error_message()]
UsersController.java,edu.ucsb.cs156.gauchoride.controllers.UsersController,org.pitest.mutationtest.engine.gregor.mutators.returns.NullReturnValsMutator,lambda$toggleDriver$3,91,KILLED,edu.ucsb.cs156.gauchoride.controllers.UsersControllerTests.[engine:junit-jupiter]/[class:edu.ucsb.cs156.gauchoride.controllers.UsersControllerTests]/[method:admin_tries_to_toggle_driver_for_non_existant_user_and_gets_right_error_message()]
UsersController.java,edu.ucsb.cs156.gauchoride.controllers.UsersController,org.pitest.mutationtest.engine.gregor.mutators.returns.NullReturnValsMutator,lambda$toggleRider$4,103,KILLED,edu.ucsb.cs156.gauchoride.controllers.UsersControllerTests.[engine:junit-jupiter]/[class:edu.ucsb.cs156.gauchoride.controllers.UsersControllerTests]/[method:admin_tries_to_toggle_rider_for_non_existant_user_and_gets_right_error_message()]
UsersController.java,edu.ucsb.cs156.gauchoride.controllers.UsersController,org.pitest.mutationtest.engine.gregor.mutators.returns.NullReturnValsMutator,lambda$users$0,54,KILLED,edu.ucsb.cs156.gauchoride.controllers.UsersControllerTests.[engine:junit-jupiter]/[class:edu.ucsb.cs156.gauchoride.controllers.UsersControllerTests]/[method:api_users__admin_logged_in__search_for_user_that_does_not_exist()]
UsersController.java,edu.ucsb.cs156.gauchoride.controllers.UsersController,org.pitest.mutationtest.engine.gregor.mutators.NegateConditionalsMutator,toggleAdmin,79,KILLED,edu.ucsb.cs156.gauchoride.controllers.UsersControllerTests.[engine:junit-jupiter]/[class:edu.ucsb.cs156.gauchoride.controllers.UsersControllerTests]/[method:admin_can_toggle_admin_status_of_a_user_from_true_to_false()]
UsersController.java,edu.ucsb.cs156.gauchoride.controllers.UsersController,org.pitest.mutationtest.engine.gregor.mutators.VoidMethodCallMutator,toggleAdmin,79,KILLED,edu.ucsb.cs156.gauchoride.controllers.UsersControllerTests.[engine:junit-jupiter]/[class:edu.ucsb.cs156.gauchoride.controllers.UsersControllerTests]/[method:admin_can_toggle_admin_status_of_a_user_from_true_to_false()]
UsersController.java,edu.ucsb.cs156.gauchoride.controllers.UsersController,org.pitest.mutationtest.engine.gregor.mutators.returns.NullReturnValsMutator,toggleAdmin,81,KILLED,edu.ucsb.cs156.gauchoride.controllers.UsersControllerTests.[engine:junit-jupiter]/[class:edu.ucsb.cs156.gauchoride.controllers.UsersControllerTests]/[method:admin_can_toggle_admin_status_of_a_user_from_true_to_false()]
UsersController.java,edu.ucsb.cs156.gauchoride.controllers.UsersController,org.pitest.mutationtest.engine.gregor.mutators.NegateConditionalsMutator,toggleDriver,93,KILLED,edu.ucsb.cs156.gauchoride.controllers.UsersControllerTests.[engine:junit-jupiter]/[class:edu.ucsb.cs156.gauchoride.controllers.UsersControllerTests]/[method:admin_can_toggle_driver_status_of_a_user_from_false_to_true()]
UsersController.java,edu.ucsb.cs156.gauchoride.controllers.UsersController,org.pitest.mutationtest.engine.gregor.mutators.VoidMethodCallMutator,toggleDriver,93,KILLED,edu.ucsb.cs156.gauchoride.controllers.UsersControllerTests.[engine:junit-jupiter]/[class:edu.ucsb.cs156.gauchoride.controllers.UsersControllerTests]/[method:admin_can_toggle_driver_status_of_a_user_from_false_to_true()]
UsersController.java,edu.ucsb.cs156.gauchoride.controllers.UsersController,org.pitest.mutationtest.engine.gregor.mutators.returns.NullReturnValsMutator,toggleDriver,95,KILLED,edu.ucsb.cs156.gauchoride.controllers.UsersControllerTests.[engine:junit-jupiter]/[class:edu.ucsb.cs156.gauchoride.controllers.UsersControllerTests]/[method:admin_can_toggle_driver_status_of_a_user_from_false_to_true()]
UsersController.java,edu.ucsb.cs156.gauchoride.controllers.UsersController,org.pitest.mutationtest.engine.gregor.mutators.NegateConditionalsMutator,toggleRider,105,KILLED,edu.ucsb.cs156.gauchoride.controllers.UsersControllerTests.[engine:junit-jupiter]/[class:edu.ucsb.cs156.gauchoride.controllers.UsersControllerTests]/[method:admin_can_toggle_rider_status_of_a_user_from_false_to_true()]
UsersController.java,edu.ucsb.cs156.gauchoride.controllers.UsersController,org.pitest.mutationtest.engine.gregor.mutators.VoidMethodCallMutator,toggleRider,105,KILLED,edu.ucsb.cs156.gauchoride.controllers.UsersControllerTests.[engine:junit-jupiter]/[class:edu.ucsb.cs156.gauchoride.controllers.UsersControllerTests]/[method:admin_can_toggle_rider_status_of_a_user_from_false_to_true()]
UsersController.java,edu.ucsb.cs156.gauchoride.controllers.UsersController,org.pitest.mutationtest.engine.gregor.mutators.returns.NullReturnValsMutator,toggleRider,107,KILLED,edu.ucsb.cs156.gauchoride.controllers.UsersControllerTests.[engine:junit-jupiter]/[class:edu.ucsb.cs156.gauchoride.controllers.UsersControllerTests]/[method:admin_can_toggle_rider_status_of_a_user_from_false_to_true()]
UsersController.java,edu.ucsb.cs156.gauchoride.controllers.UsersController,org.pitest.mutationtest.engine.gregor.mutators.returns.NullReturnValsMutator,users,44,KILLED,edu.ucsb.cs156.gauchoride.controllers.UsersControllerTests.[engine:junit-jupiter]/[class:edu.ucsb.cs156.gauchoride.controllers.UsersControllerTests]/[method:users__admin_logged_in()]
UsersController.java,edu.ucsb.cs156.gauchoride.controllers.UsersController,org.pitest.mutationtest.engine.gregor.mutators.returns.NullReturnValsMutator,users,55,KILLED,edu.ucsb.cs156.gauchoride.controllers.UsersControllerTests.[engine:junit-jupiter]/[class:edu.ucsb.cs156.gauchoride.controllers.UsersControllerTests]/[method:api_users__admin_logged_in__returns_a_user_that_exists()]
RoleInterceptor.java,edu.ucsb.cs156.gauchoride.interceptors.RoleInterceptor,org.pitest.mutationtest.engine.gregor.mutators.NegateConditionalsMutator,lambda$preHandle$0,50,KILLED,edu.ucsb.cs156.gauchoride.interceptors.RoleInterceptorTests.[engine:junit-jupiter]/[class:edu.ucsb.cs156.gauchoride.interceptors.RoleInterceptorTests]/[method:updates_driver_role_when_user_driver_false()]
RoleInterceptor.java,edu.ucsb.cs156.gauchoride.interceptors.RoleInterceptor,org.pitest.mutationtest.engine.gregor.mutators.NegateConditionalsMutator,lambda$preHandle$0,51,KILLED,edu.ucsb.cs156.gauchoride.interceptors.RoleInterceptorTests.[engine:junit-jupiter]/[class:edu.ucsb.cs156.gauchoride.interceptors.RoleInterceptorTests]/[method:updates_driver_role_when_user_driver_false()]
RoleInterceptor.java,edu.ucsb.cs156.gauchoride.interceptors.RoleInterceptor,org.pitest.mutationtest.engine.gregor.mutators.returns.BooleanTrueReturnValsMutator,lambda$preHandle$0,50,KILLED,edu.ucsb.cs156.gauchoride.interceptors.RoleInterceptorTests.[engine:junit-jupiter]/[class:edu.ucsb.cs156.gauchoride.interceptors.RoleInterceptorTests]/[method:updates_driver_role_when_user_driver_false()]
RoleInterceptor.java,edu.ucsb.cs156.gauchoride.interceptors.RoleInterceptor,org.pitest.mutationtest.engine.gregor.mutators.NegateConditionalsMutator,preHandle,42,KILLED,edu.ucsb.cs156.gauchoride.controllers.ShiftControllerTests.[engine:junit-jupiter]/[class:edu.ucsb.cs156.gauchoride.controllers.ShiftControllerTests]/[method:logged_out_users_cannot_get_driver_shifts()]
RoleInterceptor.java,edu.ucsb.cs156.gauchoride.interceptors.RoleInterceptor,org.pitest.mutationtest.engine.gregor.mutators.NegateConditionalsMutator,preHandle,46,KILLED,edu.ucsb.cs156.gauchoride.interceptors.RoleInterceptorTests.[engine:junit-jupiter]/[class:edu.ucsb.cs156.gauchoride.interceptors.RoleInterceptorTests]/[method:updates_nothing_when_user_not_present()]
RoleInterceptor.java,edu.ucsb.cs156.gauchoride.interceptors.RoleInterceptor,org.pitest.mutationtest.engine.gregor.mutators.NegateConditionalsMutator,preHandle,53,KILLED,edu.ucsb.cs156.gauchoride.interceptors.RoleInterceptorTests.[engine:junit-jupiter]/[class:edu.ucsb.cs156.gauchoride.interceptors.RoleInterceptorTests]/[method:updates_driver_role_when_user_driver_false()]
RoleInterceptor.java,edu.ucsb.cs156.gauchoride.interceptors.RoleInterceptor,org.pitest.mutationtest.engine.gregor.mutators.NegateConditionalsMutator,preHandle,56,KILLED,edu.ucsb.cs156.gauchoride.interceptors.RoleInterceptorTests.[engine:junit-jupiter]/[class:edu.ucsb.cs156.gauchoride.interceptors.RoleInterceptorTests]/[method:updates_driver_role_when_user_driver_false()]
RoleInterceptor.java,edu.ucsb.cs156.gauchoride.interceptors.RoleInterceptor,org.pitest.mutationtest.engine.gregor.mutators.NegateConditionalsMutator,preHandle,59,KILLED,edu.ucsb.cs156.gauchoride.interceptors.RoleInterceptorTests.[engine:junit-jupiter]/[class:edu.ucsb.cs156.gauchoride.interceptors.RoleInterceptorTests]/[method:updates_admin_role_when_user_admin_false()]
RoleInterceptor.java,edu.ucsb.cs156.gauchoride.interceptors.RoleInterceptor,org.pitest.mutationtest.engine.gregor.mutators.VoidMethodCallMutator,preHandle,64,KILLED,edu.ucsb.cs156.gauchoride.interceptors.RoleInterceptorTests.[engine:junit-jupiter]/[class:edu.ucsb.cs156.gauchoride.interceptors.RoleInterceptorTests]/[method:updates_driver_role_when_user_driver_false()]
RoleInterceptor.java,edu.ucsb.cs156.gauchoride.interceptors.RoleInterceptor,org.pitest.mutationtest.engine.gregor.mutators.returns.BooleanFalseReturnValsMutator,preHandle,67,KILLED,edu.ucsb.cs156.gauchoride.controllers.ShiftControllerTests.[engine:junit-jupiter]/[class:edu.ucsb.cs156.gauchoride.controllers.ShiftControllerTests]/[method:logged_out_users_cannot_get_driver_shifts()]
ApiController.java,edu.ucsb.cs156.gauchoride.controllers.ApiController,org.pitest.mutationtest.engine.gregor.mutators.returns.NullReturnValsMutator,genericMessage,45,KILLED,edu.ucsb.cs156.gauchoride.controllers.UsersControllerTests.[engine:junit-jupiter]/[class:edu.ucsb.cs156.gauchoride.controllers.UsersControllerTests]/[method:admin_can_delete_a_user()]
ApiController.java,edu.ucsb.cs156.gauchoride.controllers.ApiController,org.pitest.mutationtest.engine.gregor.mutators.returns.NullReturnValsMutator,getCurrentUser,35,KILLED,edu.ucsb.cs156.gauchoride.controllers.UserInfoControllerTests.[engine:junit-jupiter]/[class:edu.ucsb.cs156.gauchoride.controllers.UserInfoControllerTests]/[method:currentUser__logged_in()]
ApiController.java,edu.ucsb.cs156.gauchoride.controllers.ApiController,org.pitest.mutationtest.engine.gregor.mutators.returns.NullReturnValsMutator,handleGenericException,55,KILLED,edu.ucsb.cs156.gauchoride.controllers.UsersControllerTests.[engine:junit-jupiter]/[class:edu.ucsb.cs156.gauchoride.controllers.UsersControllerTests]/[method:admin_tries_to_delete_non_existant_user_and_gets_right_error_message()]
UserProfileController.java,edu.ucsb.cs156.gauchoride.controllers.UserProfileController,org.pitest.mutationtest.engine.gregor.mutators.returns.NullReturnValsMutator,lambda$updateUsersCellPhone$0,35,KILLED,edu.ucsb.cs156.gauchoride.controllers.UserProfileControllerTests.[engine:junit-jupiter]/[class:edu.ucsb.cs156.gauchoride.controllers.UserProfileControllerTests]/[method:logged_in_users_cannot_edit_profile_that_does_not_exist()]
UserProfileController.java,edu.ucsb.cs156.gauchoride.controllers.UserProfileController,org.pitest.mutationtest.engine.gregor.mutators.VoidMethodCallMutator,updateUsersCellPhone,36,KILLED,edu.ucsb.cs156.gauchoride.controllers.UserProfileControllerTests.[engine:junit-jupiter]/[class:edu.ucsb.cs156.gauchoride.controllers.UserProfileControllerTests]/[method:currentUser__logged_in_can_edit_profile()]
UserProfileController.java,edu.ucsb.cs156.gauchoride.controllers.UserProfileController,org.pitest.mutationtest.engine.gregor.mutators.returns.NullReturnValsMutator,updateUsersCellPhone,38,KILLED,edu.ucsb.cs156.gauchoride.controllers.UserProfileControllerTests.[engine:junit-jupiter]/[class:edu.ucsb.cs156.gauchoride.controllers.UserProfileControllerTests]/[method:currentUser__logged_in_can_edit_profile()]
DriversController.java,edu.ucsb.cs156.gauchoride.controllers.DriversController,org.pitest.mutationtest.engine.gregor.mutators.NegateConditionalsMutator,drivers,47,KILLED,edu.ucsb.cs156.gauchoride.controllers.DriversControllerTests.[engine:junit-jupiter]/[class:edu.ucsb.cs156.gauchoride.controllers.DriversControllerTests]/[method:driver_can_see_drivers()]
DriversController.java,edu.ucsb.cs156.gauchoride.controllers.DriversController,org.pitest.mutationtest.engine.gregor.mutators.returns.NullReturnValsMutator,drivers,53,KILLED,edu.ucsb.cs156.gauchoride.controllers.DriversControllerTests.[engine:junit-jupiter]/[class:edu.ucsb.cs156.gauchoride.controllers.DriversControllerTests]/[method:driver_can_see_drivers()]
CurrentUserService.java,edu.ucsb.cs156.gauchoride.services.CurrentUserService,org.pitest.mutationtest.engine.gregor.mutators.NegateConditionalsMutator,isLoggedIn,16,KILLED,edu.ucsb.cs156.gauchoride.services.CurrentUserServiceTests.[engine:junit-jupiter]/[class:edu.ucsb.cs156.gauchoride.services.CurrentUserServiceTests]/[method:test_isLoggedIn_returns_false()]
CurrentUserService.java,edu.ucsb.cs156.gauchoride.services.CurrentUserService,org.pitest.mutationtest.engine.gregor.mutators.returns.BooleanTrueReturnValsMutator,isLoggedIn,16,KILLED,edu.ucsb.cs156.gauchoride.services.CurrentUserServiceTests.[engine:junit-jupiter]/[class:edu.ucsb.cs156.gauchoride.services.CurrentUserServiceTests]/[method:test_isLoggedIn_returns_false()]
UserInfoController.java,edu.ucsb.cs156.gauchoride.controllers.UserInfoController,org.pitest.mutationtest.engine.gregor.mutators.returns.NullReturnValsMutator,getCurrentUser,24,KILLED,edu.ucsb.cs156.gauchoride.controllers.UserInfoControllerTests.[engine:junit-jupiter]/[class:edu.ucsb.cs156.gauchoride.controllers.UserInfoControllerTests]/[method:currentUser__logged_in()]
GrantedAuthoritiesService.java,edu.ucsb.cs156.gauchoride.services.GrantedAuthoritiesService,org.pitest.mutationtest.engine.gregor.mutators.returns.EmptyObjectReturnValsMutator,getGrantedAuthorities,22,KILLED,edu.ucsb.cs156.gauchoride.services.GrantedAuthoritiesServiceTests.[engine:junit-jupiter]/[class:edu.ucsb.cs156.gauchoride.services.GrantedAuthoritiesServiceTests]/[method:test_getGrantedAuthorities()]
CSRFController.java,edu.ucsb.cs156.gauchoride.controllers.CSRFController,org.pitest.mutationtest.engine.gregor.mutators.returns.NullReturnValsMutator,csrf,18,KILLED,edu.ucsb.cs156.gauchoride.controllers.CSRFControllerTests.[engine:junit-jupiter]/[class:edu.ucsb.cs156.gauchoride.controllers.CSRFControllerTests]/[method:csrf_returns_ok()]
SystemInfoController.java,edu.ucsb.cs156.gauchoride.controllers.SystemInfoController,org.pitest.mutationtest.engine.gregor.mutators.returns.NullReturnValsMutator,getSystemInfo,32,KILLED,edu.ucsb.cs156.gauchoride.controllers.SystemInfoControllerTests.[engine:junit-jupiter]/[class:edu.ucsb.cs156.gauchoride.controllers.SystemInfoControllerTests]/[method:systemInfo__admin_logged_in()]
SystemInfoServiceImpl.java,edu.ucsb.cs156.gauchoride.services.SystemInfoServiceImpl,org.pitest.mutationtest.engine.gregor.mutators.returns.NullReturnValsMutator,getSystemInfo,31,KILLED,edu.ucsb.cs156.gauchoride.services.SystemInfoServiceImplTests.[engine:junit-jupiter]/[class:edu.ucsb.cs156.gauchoride.services.SystemInfoServiceImplTests]/[method:test_getSystemInfo()]
